<?xml version="1.0" encoding="UTF-8"?>
<!--
scan：当此属性设置为true时，配置文件如果发生改变，将会被重新加载，默认值为true。
scanPeriod：设置监测配置文件是否有修改的时间间隔，如果没有给出时间单位，默认单位是毫秒当scan为true时，此属性生效。默认的时间间隔为1分钟。
debug：当此属性设置为true时，将打印出logback内部日志信息，实时查看logback运行状态。默认值为false。
-->
<configuration scan="false" scanPeriod="60 seconds" debug="false">

    <springProperty scope="context" name="logPath" source="logging.file.path" defaultValue="/logs"/>
    <springProperty scope="context" name="appName" source="spring.application.name" defaultValue="localhost"/>

    <!-- 定义日志的根目录 -->
    <property name="LOG_HOME" value="${logPath}/${appName}"/>

    <!-- 控制台输出 -->
    <appender name="CONSOLE" class="ch.qos.logback.core.ConsoleAppender">
        <encoder>
            <pattern>%d{yyyy-MM-dd HH:mm:ss.SSS} [ %thread ] - [ %-5level ] [ %logger{50} : %line ] [traceId=%X{traceId}] - %msg%n</pattern>
            <charset class="java.nio.charset.Charset">UTF-8</charset>
        </encoder>
    </appender>

    <!-- 正常日志-->
    <appender name="NORMAL_LOG" class="ch.qos.logback.core.rolling.RollingFileAppender">
        <filter class="ch.qos.logback.classic.filter.LevelFilter">
            <level>ERROR</level>
            <onMatch>DENY</onMatch>  <!-- 如果命中就禁止这条日志 -->
            <onMismatch>ACCEPT</onMismatch>  <!-- 如果没有命中就使用这条规则 -->
        </filter>
        <file>${LOG_HOME}/${appName}.log</file>
        <rollingPolicy class="ch.qos.logback.core.rolling.TimeBasedRollingPolicy">
            <fileNamePattern>${LOG_HOME}/${appName}-%d{yyyy-MM-dd}-%i.log</fileNamePattern>
            <MaxHistory>30</MaxHistory>
            <timeBasedFileNamingAndTriggeringPolicy class="ch.qos.logback.core.rolling.SizeAndTimeBasedFNATP">
                <maxFileSize>100MB</maxFileSize>
            </timeBasedFileNamingAndTriggeringPolicy>
        </rollingPolicy>
        <encoder>
            <pattern>%d{yyyy-MM-dd HH:mm:ss.SSS} [ %thread ] - [ %-5level ] [ %logger{50} : %line ] [traceId=%X{traceId}] - %msg%n</pattern>
            <charset class="java.nio.charset.Charset">UTF-8</charset>
        </encoder>
        <!-- 日志输出格式： -->
        <layout class="ch.qos.logback.classic.PatternLayout">
            <pattern>%d{yyyy-MM-dd HH:mm:ss.SSS} [ %thread ] - [ %-5level ] [ %logger{50} : %line ] [traceId=%X{traceId}] - %msg%n</pattern>
        </layout>
    </appender>

    <!-- 异常日志 -->
    <appender name="ERROR_LOG" class="ch.qos.logback.core.rolling.RollingFileAppender">
        <filter class="ch.qos.logback.classic.filter.LevelFilter">
            <level>ERROR</level>
            <onMatch>ACCEPT</onMatch>
            <onMismatch>DENY</onMismatch>
        </filter>
        <file>${LOG_HOME}/${appName}-error.log</file>
        <rollingPolicy class="ch.qos.logback.core.rolling.TimeBasedRollingPolicy">
            <fileNamePattern>${LOG_HOME}/${appName}-error-%d{yyyy-MM-dd}-%i.log</fileNamePattern>
            <MaxHistory>30</MaxHistory>
            <timeBasedFileNamingAndTriggeringPolicy class="ch.qos.logback.core.rolling.SizeAndTimeBasedFNATP">
                <maxFileSize>100MB</maxFileSize>
            </timeBasedFileNamingAndTriggeringPolicy>
        </rollingPolicy>
        <encoder>
            <pattern>%d{yyyy-MM-dd HH:mm:ss.SSS} [ %thread ] - [ %-5level ] [ %logger{50} : %line ] [traceId=%X{traceId}] - %msg%n</pattern>
            <charset class="java.nio.charset.Charset">UTF-8</charset>
        </encoder>
        <!-- 日志输出格式： -->
        <layout class="ch.qos.logback.classic.PatternLayout">
            <pattern>%d{yyyy-MM-dd HH:mm:ss.SSS} [ %thread ] - [ %-5level ] [ %logger{50} : %line ] [traceId=%X{traceId}] - %msg%n</pattern>
        </layout>
    </appender>

    <!--
        logger主要用于存放日志对象，也可以定义日志类型、级别
        name：表示匹配的logger类型前缀，也就是包的前半部分
        level：要记录的日志级别，包括 TRACE < DEBUG < INFO < WARN < ERROR
        additivity：作用在于children-logger是否使用 rootLogger配置的appender进行输出，也可以理解为是否向上传递
          - false：表示只用当前logger的appender-ref，
          - true：表示当前logger的appender-ref和rootLogger的appender-ref都有效
    -->
    <logger name="org.springframework" level="ERROR"/>


    <springProfile name="dev,test,pre">
        <root level="DEBUG">
            <appender-ref ref="CONSOLE"/>
            <appender-ref ref="NORMAL_LOG"/>
            <appender-ref ref="ERROR_LOG" level="ERROR"/>
        </root>
    </springProfile>

    <springProfile name="pro,''">
        <root level="INFO">
            <appender-ref ref="CONSOLE"/>
            <appender-ref ref="NORMAL_LOG"/>
            <appender-ref ref="ERROR_LOG" level="ERROR"/>
        </root>
    </springProfile>
</configuration>